Title,Year,Link,Poster
Rocketman,2019,https://www.imdb.com/title/tt2066051/,"https://m.media-amazon.com/images/M/MV5BYmIzNjUxZGQtYjg0OS00MmE0LTgwZDAtMzVmODQ2MGI5MTQ5XkEyXkFqcGdeQXVyMTA3MTA4Mzgw._V1_UX140_CR0,0,140,209_AL_.jpg"
Корак до славе,2000,https://www.imdb.com/title/tt0181875/,"https://m.media-amazon.com/images/M/MV5BMzY1ZjMwMGEtYTY1ZS00ZDllLTk0ZmUtYzA3ZTA4NmYwNGNkXkEyXkFqcGdeQXVyNDk3NzU2MTQ@._V1_UY209_CR0,0,140,209_AL_.jpg"
Побуна на војној академији,1982,https://www.imdb.com/title/tt0083929/,"https://m.media-amazon.com/images/M/MV5BYzBlZjE1MDctYjZmZC00ZTJmLWFkOWEtYjdmZDZkODBkZmI2XkEyXkFqcGdeQXVyNjQ2MjQ5NzM@._V1_UX140_CR0,0,140,209_AL_.jpg"
Ово је Спајнал тап,1984,https://www.imdb.com/title/tt0088258/,"https://m.media-amazon.com/images/M/MV5BMTQ2MTIzMzg5Nl5BMl5BanBnXkFtZTgwOTc5NDI1MDE@._V1_UX140_CR0,0,140,209_AL_.jpg"
Уврнуто путовање Била и Теда,1991,https://www.imdb.com/title/tt0101452/,"https://m.media-amazon.com/images/M/MV5BMWMzMGY4MWMtZmY5MC00NzVjLWJlMzQtMTQ2ZTM4ZWNmYzFiXkEyXkFqcGdeQXVyMTY5Nzc4MDY@._V1_UX140_CR0,0,140,209_AL_.jpg"
9 pesama,2004,https://www.imdb.com/title/tt0411705/,"https://m.media-amazon.com/images/M/MV5BOGRiYjgwMmYtYWRjNi00MzkwLWJlOGUtYTg1ZThhODk3YWY0XkEyXkFqcGdeQXVyNTM0NTU5Mg@@._V1_UY209_CR0,0,140,209_AL_.jpg"
Samo ljubavnici opstaju,2013,https://www.imdb.com/title/tt1714915/,"https://m.media-amazon.com/images/M/MV5BMTY0NTQ1NjA0OV5BMl5BanBnXkFtZTgwMDg5NjkzMTE@._V1_UY209_CR0,0,140,209_AL_.jpg"
Hevi Metal,1981,https://www.imdb.com/title/tt0082509/,"https://m.media-amazon.com/images/M/MV5BOTc2NzM1ODgtM2RkYi00M2U4LWE4NzEtMDMzZGUzYmI1ZDUzL2ltYWdlXkEyXkFqcGdeQXVyNTAyODkwOQ@@._V1_UY209_CR0,0,140,209_AL_.jpg"
Ranavejsi,2010,https://www.imdb.com/title/tt1017451/,"https://m.media-amazon.com/images/M/MV5BMTI3Nzc2ODI4NV5BMl5BanBnXkFtZTcwMzkxNDMyMw@@._V1_UY209_CR0,0,140,209_AL_.jpg"
Sid and Nancy,1986,https://www.imdb.com/title/tt0091954/,"https://m.media-amazon.com/images/M/MV5BYzRiODJiYjMtN2RiNy00NGVhLWJlN2MtODc4ZThiMGJmYzk0XkEyXkFqcGdeQXVyMTQxNzMzNDI@._V1_UY209_CR0,0,140,209_AL_.jpg"
The Boat That Rocked,2009,https://www.imdb.com/title/tt1131729/,"https://m.media-amazon.com/images/M/MV5BMTMzMjYzMTMyM15BMl5BanBnXkFtZTcwOTk5NDA5Mg@@._V1_UY209_CR0,0,140,209_AL_.jpg"
Kraljica ukletih,2002,https://www.imdb.com/title/tt0238546/,"https://m.media-amazon.com/images/M/MV5BMTYxNDEyMzEzMV5BMl5BanBnXkFtZTYwMDM1NjA3._V1_UY209_CR1,0,140,209_AL_.jpg"
Tenacious D: Trzalica sudbine,2006,https://www.imdb.com/title/tt0365830/,"https://m.media-amazon.com/images/M/MV5BMTUyMDA3OTc4MV5BMl5BanBnXkFtZTcwNzE5NjkzMQ@@._V1_UY209_CR0,0,140,209_AL_.jpg"
Elvis,1979,https://www.imdb.com/title/tt0079103/,"https://m.media-amazon.com/images/M/MV5BMTg4MDc1MzUyNl5BMl5BanBnXkFtZTcwNDk4NDcxMw@@._V1_UY209_CR3,0,140,209_AL_.jpg"
Самци,1992,https://www.imdb.com/title/tt0105415/,"https://m.media-amazon.com/images/M/MV5BMjMxMDBhYzktZWY4Ny00ZmUxLWJhZTctYjk2YTljYTM4MDE0XkEyXkFqcGdeQXVyMTQxNzMzNDI@._V1_UX140_CR0,0,140,209_AL_.jpg"
La Bamba,1987,https://www.imdb.com/title/tt0093378/,"https://m.media-amazon.com/images/M/MV5BOWI0YjE4M2ItNzY2NC00MzA1LWFhZTktY2YxZjE0ODU0ZTc5XkEyXkFqcGdeQXVyMzU4Nzk4MDI@._V1_UX140_CR0,0,140,209_AL_.jpg"
Quadrophenia,1979,https://www.imdb.com/title/tt0079766/,"https://m.media-amazon.com/images/M/MV5BN2NkYjllZGMtOGUxMy00N2VlLTg5NTUtNzY3N2QzNjVkNjhkXkEyXkFqcGdeQXVyMjUyNDk2ODc@._V1_UY209_CR2,0,140,209_AL_.jpg"
Love & Mercy,2014,https://www.imdb.com/title/tt0903657/,"https://m.media-amazon.com/images/M/MV5BMTk1MTkwMzU4Nl5BMl5BanBnXkFtZTgwNjY0MDE1NTE@._V1_UY209_CR0,0,140,209_AL_.jpg"
Zabava bez kraja,2002,https://www.imdb.com/title/tt0274309/,"https://m.media-amazon.com/images/M/MV5BYTcyYzMyZGUtOGExYi00ZTljLWE3NDEtMGQyYTZiNmIzMzRiXkEyXkFqcGdeQXVyNzQ5MzY0NjM@._V1_UY209_CR2,0,140,209_AL_.jpg"
Noć posle napornog dana,1964,https://www.imdb.com/title/tt0058182/,"https://m.media-amazon.com/images/M/MV5BZjQyMGUwNzAtNTc2MC00Y2FjLThlM2ItZGRjNzM0OWVmZGYyXkEyXkFqcGdeQXVyNjc1NTYyMjg@._V1_UX140_CR0,0,140,209_AL_.jpg"
Metalocalypse,2006,https://www.imdb.com/title/tt0839188/,"https://m.media-amazon.com/images/M/MV5BZjVkMTRlZDktNzFkYi00ZmRkLTkxZmQtOTZiZTg0NzJhOWE3L2ltYWdlXkEyXkFqcGdeQXVyNTAyODkwOQ@@._V1_UY209_CR4,0,140,209_AL_.jpg"
Rock & Rule,1983,https://www.imdb.com/title/tt0086203/,"https://m.media-amazon.com/images/M/MV5BNGIxYjc1MmEtZTBiNS00OGY2LWFiOTUtY2VmOTE3OWM5NmYxXkEyXkFqcGdeQXVyMDUyOTUyNQ@@._V1_UX140_CR0,0,140,209_AL_.jpg"
The Rose,1979,https://www.imdb.com/title/tt0079826/,"https://m.media-amazon.com/images/M/MV5BZGNiM2I2YTMtMjEwOS00ZjYyLTliZmMtN2E2NWVhZGQxMzExXkEyXkFqcGdeQXVyMTA0MjU0Ng@@._V1_UY209_CR2,0,140,209_AL_.jpg"
The Last Waltz,1978,https://www.imdb.com/title/tt0077838/,"https://m.media-amazon.com/images/M/MV5BODk2N2RkMGEtMGJjZS00OTk0LTk5NjgtNTg4ZjdiNDI2ZjE1XkEyXkFqcGdeQXVyMjUzOTY1NTc@._V1_UX140_CR0,0,140,209_AL_.jpg"
What's Love Got to Do with It,1993,https://www.imdb.com/title/tt0108551/,"https://m.media-amazon.com/images/M/MV5BYmQ1Yjk3N2UtODMwMy00MDVhLTkzNDctM2ZkODZmYzdhNjk3XkEyXkFqcGdeQXVyNjE5MjUyOTM@._V1_UX140_CR0,0,140,209_AL_.jpg"
Laurel Canyon,2002,https://www.imdb.com/title/tt0298408/,"https://m.media-amazon.com/images/M/MV5BMTgxMjMxMDA2Ml5BMl5BanBnXkFtZTYwMjE5MTI3._V1_UX140_CR0,0,140,209_AL_.jpg"
Under the Cherry Moon,1986,https://www.imdb.com/title/tt0092133/,"https://m.media-amazon.com/images/M/MV5BM2NlM2Y5NDMtN2MwNC00MmY4LTg1MWUtMmE3MjgyZDEwMjI2XkEyXkFqcGdeQXVyNjMwMjk0MTQ@._V1_UY209_CR0,0,140,209_AL_.jpg"
Performance,1970,https://www.imdb.com/title/tt0066214/,"https://m.media-amazon.com/images/M/MV5BODBlMGU1ZjItYTY1NS00MjY4LWJlYWUtNTkxOGE3ZWE5NDYxXkEyXkFqcGdeQXVyNjc1NTYyMjg@._V1_UX140_CR0,0,140,209_AL_.jpg"
Taking Woodstock,2009,https://www.imdb.com/title/tt1127896/,"https://m.media-amazon.com/images/M/MV5BNzE5NDYzM2YtMjlhMS00Yjc5LWFhZWUtNjQ4ODVhZTQ4OTFkXkEyXkFqcGdeQXVyNDk3NzU2MTQ@._V1_UX140_CR0,0,140,209_AL_.jpg"
Bandslam,2009,https://www.imdb.com/title/tt0976222/,"https://m.media-amazon.com/images/M/MV5BMTg0MDI4MTIzMV5BMl5BanBnXkFtZTcwMDU5MjI2Mg@@._V1_UY209_CR0,0,140,209_AL_.jpg"
Вудсток,1970,https://www.imdb.com/title/tt0066580/,"https://m.media-amazon.com/images/M/MV5BZjBiMDMzYzktOGMzOC00NzczLWE3YmYtZTgwNGIwZDRkYTE4XkEyXkFqcGdeQXVyNjc1NTYyMjg@._V1_UX140_CR0,0,140,209_AL_.jpg"
Poslednji dani,2005,https://www.imdb.com/title/tt0403217/,"https://m.media-amazon.com/images/M/MV5BY2VmNDNjZTEtYmZiYi00NDNhLTk2ZmQtNGRhZTdhMzhkZGNlXkEyXkFqcGdeQXVyMTQxNzMzNDI@._V1_UX140_CR0,0,140,209_AL_.jpg"
Voyage of the Rock Aliens,1984,https://www.imdb.com/title/tt0096402/,"https://m.media-amazon.com/images/M/MV5BYmRmZjA4N2EtZjBjMy00ZDNjLThlNjMtMTU4MWZkMjM3NGViXkEyXkFqcGdeQXVyMTEwODg2MDY@._V1_UY209_CR9,0,140,209_AL_.jpg"
The Stöned Age,1994,https://www.imdb.com/title/tt0111293/,"https://m.media-amazon.com/images/M/MV5BMjA3MzAyMTY1M15BMl5BanBnXkFtZTcwOTc4NzMyMQ@@._V1_UY209_CR4,0,140,209_AL_.jpg"
Istina o Bitlsima,1994,https://www.imdb.com/title/tt0106339/,"https://m.media-amazon.com/images/M/MV5BNTFlMjVlNWQtZjM1Zi00MzgxLTlhYmUtZDg1MzhkNjhiYzllXkEyXkFqcGdeQXVyNjMwMjk0MTQ@._V1_UY209_CR1,0,140,209_AL_.jpg"
Avr,2011,https://www.imdb.com/title/tt1508675/,"https://m.media-amazon.com/images/M/MV5BMTM1MDc2NDkxOV5BMl5BanBnXkFtZTcwNzE1NjM5Ng@@._V1_UY209_CR0,0,140,209_AL_.jpg"
Fubar,2002,https://www.imdb.com/title/tt0302585/,"https://m.media-amazon.com/images/M/MV5BMTU3MzY0NzgwN15BMl5BanBnXkFtZTcwMDgxOTUyMQ@@._V1_UY209_CR2,0,140,209_AL_.jpg"
Čovek bez prošlosti,2002,https://www.imdb.com/title/tt0311519/,"https://m.media-amazon.com/images/M/MV5BMTAwNTA0NzEtY2U4MS00MDFlLWJjYWEtZTdlMzRhZTJjMWJlXkEyXkFqcGdeQXVyMDI2NDg0NQ@@._V1_UY209_CR3,0,140,209_AL_.jpg"
Rock Dog,2016,https://www.imdb.com/title/tt2822672/,"https://m.media-amazon.com/images/M/MV5BMjA5MTAwMzM3OF5BMl5BanBnXkFtZTgwNTk4NjYyMTI@._V1_UX140_CR0,0,140,209_AL_.jpg"
Juice,2018,https://www.imdb.com/title/tt7317310/,"https://m.media-amazon.com/images/M/MV5BNjc0ODkxZjEtMGEyOS00NTQxLTlhNmQtODA1ZWQ2YmQ5NGUyXkEyXkFqcGdeQXVyNTY4ODE3ODg@._V1_UY209_CR4,0,140,209_AL_.jpg"
Dvadeset stopa do zvezda,2013,https://www.imdb.com/title/tt2396566/,"https://m.media-amazon.com/images/M/MV5BMTQxNDY2NjMwNF5BMl5BanBnXkFtZTcwNzExMDg0OQ@@._V1_UY209_CR0,0,140,209_AL_.jpg"
Light of Day,1987,https://www.imdb.com/title/tt0093415/,"https://m.media-amazon.com/images/M/MV5BNmI0NTU3MWUtYzAwYy00ZjVkLTlmMGUtODRhYmUwNWE1ZmU3XkEyXkFqcGdeQXVyMjI4MjA5MzA@._V1_UX140_CR0,0,140,209_AL_.jpg"
Absolute Beginners,1986,https://www.imdb.com/title/tt0090585/,"https://m.media-amazon.com/images/M/MV5BNjNlZDQzODktMTUzNi00YWRjLTg2NmYtNDI5YTVhYzEwODY5XkEyXkFqcGdeQXVyNzc5MjA3OA@@._V1_UY209_CR1,0,140,209_AL_.jpg"
Tough Guys,1986,https://www.imdb.com/title/tt0092105/,"https://m.media-amazon.com/images/M/MV5BODkwZjY3YTMtZjgzNS00ZWI5LWIxYTUtMjRiNWFjYWM1NTJlXkEyXkFqcGdeQXVyMjA0MDQ0Mjc@._V1_UY209_CR2,0,140,209_AL_.jpg"
Rolingstonsi,1970,https://www.imdb.com/title/tt0065780/,"https://m.media-amazon.com/images/M/MV5BMTRjMDg4MGEtYjFiNS00ODczLWIzZGMtMDI2MTRlODYxNTJjXkEyXkFqcGdeQXVyMTY5Nzc4MDY@._V1_UX140_CR0,0,140,209_AL_.jpg"
Ex Drummer,2007,https://www.imdb.com/title/tt0812243/,"https://m.media-amazon.com/images/M/MV5BMTI5MjIwMDIyMF5BMl5BanBnXkFtZTcwNTUwOTY0MQ@@._V1_UY209_CR2,0,140,209_AL_.jpg"
Tenacious D,1997,https://www.imdb.com/title/tt0180241/,"https://m.media-amazon.com/images/M/MV5BMTQxMDc2OTkwNV5BMl5BanBnXkFtZTcwNzcxMjQyMQ@@._V1_UY209_CR4,0,140,209_AL_.jpg"
200 Motels,1971,https://www.imdb.com/title/tt0066732/,"https://m.media-amazon.com/images/M/MV5BNjc4MzdmM2YtZGViMS00ZWE1LWEzNmUtNDllNTc0ZmZiODMyXkEyXkFqcGdeQXVyNjMwMjk0MTQ@._V1_UY209_CR0,0,140,209_AL_.jpg"
Petulia,1968,https://www.imdb.com/title/tt0063426/,"https://m.media-amazon.com/images/M/MV5BZTA0NWQ2NzQtM2JmMy00M2EzLTljMDYtMDFiOGJhMDhhM2NjXkEyXkFqcGdeQXVyMjI4MjA5MzA@._V1_UX140_CR0,0,140,209_AL_.jpg"
Bandstand,1952,https://www.imdb.com/title/tt0049993/,"https://m.media-amazon.com/images/M/MV5BYTMyYjE5NWYtMTlmMy00ODU2LWE4MmMtYjFlZGE4YzU3NTI2XkEyXkFqcGdeQXVyNzI4MDMyMTU@._V1_UY209_CR69,0,140,209_AL_.jpg"
Spinout,1966,https://www.imdb.com/title/tt0061015/,"https://m.media-amazon.com/images/M/MV5BMmVmMmY4ZjctODA3Ny00YmY5LTg3ZmMtODdlYjYxNGE5OGRiL2ltYWdlXkEyXkFqcGdeQXVyMjI4MjA5MzA@._V1_UX140_CR0,0,140,209_AL_.jpg"
Six-String Samurai,1998,https://www.imdb.com/title/tt0118736/,"https://m.media-amazon.com/images/M/MV5BZWM4Mjc2YzUtM2IyMC00MWE4LWJiNDEtNjVmYjRhZjU1YTdmXkEyXkFqcGdeQXVyMTQxNzMzNDI@._V1_UY209_CR2,0,140,209_AL_.jpg"
The Filth and the Fury,2000,https://www.imdb.com/title/tt0236216/,"https://m.media-amazon.com/images/M/MV5BMTk5MTk0NDEyNF5BMl5BanBnXkFtZTYwNTM4MTk4._V1_UY209_CR7,0,140,209_AL_.jpg"
Die Angst des Tormanns beim Elfmeter,1972,https://www.imdb.com/title/tt0066773/,"https://m.media-amazon.com/images/M/MV5BN2Y0OTE3ZWMtNDcyNC00OWVmLWJkMTktOGQyMjE0YjQ1ZGNkXkEyXkFqcGdeQXVyNDE5MTU2MDE@._V1_UY209_CR1,0,140,209_AL_.jpg"
Roadie,1980,https://www.imdb.com/title/tt0081433/,"https://m.media-amazon.com/images/M/MV5BOGEzODFjZjctYmZjMi00ZGI3LWIyZWUtMzE0ZTExZWJhNGVhXkEyXkFqcGdeQXVyNzc5MjA3OA@@._V1_UY209_CR3,0,140,209_AL_.jpg"
The Song Remains the Same,1976,https://www.imdb.com/title/tt0075244/,"https://m.media-amazon.com/images/M/MV5BNGJmM2UxMjItMTIxNi00MjNhLWI0MDMtOTQ1NzAzYTE5ZTIwXkEyXkFqcGdeQXVyMTY5Nzc4MDY@._V1_UX140_CR0,0,140,209_AL_.jpg"
When You're Strange,2009,https://www.imdb.com/title/tt1333667/,"https://m.media-amazon.com/images/M/MV5BMTg1NjQ3OTQwOF5BMl5BanBnXkFtZTcwMDE5NTgyMw@@._V1_UY209_CR0,0,140,209_AL_.jpg"
The Horror of Party Beach,1964,https://www.imdb.com/title/tt0058208/,"https://m.media-amazon.com/images/M/MV5BNjc1YWE1ZDktNzQwNS00YWNlLTk0NzktYWRiNDZjYmZjNTEyXkEyXkFqcGdeQXVyMTQxNzMzNDI@._V1_UY209_CR0,0,140,209_AL_.jpg"
Nana,2005,https://www.imdb.com/title/tt0471834/,"https://m.media-amazon.com/images/M/MV5BMTYxMDEwNTgxMV5BMl5BanBnXkFtZTcwMzE5NzQ5MQ@@._V1_UY209_CR3,0,140,209_AL_.jpg"
Lemmy,2010,https://www.imdb.com/title/tt1236472/,"https://m.media-amazon.com/images/M/MV5BMjExODE5MjExMl5BMl5BanBnXkFtZTcwMDgwNTQyNA@@._V1_UY209_CR0,0,140,209_AL_.jpg"
Garage Days,2002,https://www.imdb.com/title/tt0280696/,"https://m.media-amazon.com/images/M/MV5BZDVmZGYxZjgtODBjZi00ZWUzLWJhODItYjU1MDhjYWE0OTE2XkEyXkFqcGdeQXVyNDk3NzU2MTQ@._V1_UY209_CR1,0,140,209_AL_.jpg"
Monterey Pop,1968,https://www.imdb.com/title/tt0064689/,"https://m.media-amazon.com/images/M/MV5BNmJkMzZhODQtZTU4Ny00YjVhLThjMmQtNTg2MWZjMDk4OTIxXkEyXkFqcGdeQXVyMTYzMTY1MjQ@._V1_UX140_CR0,0,140,209_AL_.jpg"
Telling Lies in America,1997,https://www.imdb.com/title/tt0120303/,"https://m.media-amazon.com/images/M/MV5BMzE3NTUxMzItNmNhYy00MzQ3LWE5ODUtY2RhYzJmMjgzODgyXkEyXkFqcGdeQXVyNzc5MjA3OA@@._V1_UY209_CR0,0,140,209_AL_.jpg"
Fubar II,2010,https://www.imdb.com/title/tt1555747/,"https://m.media-amazon.com/images/M/MV5BOTM0MzM1MTYxN15BMl5BanBnXkFtZTcwMjQ2NDY4Mw@@._V1_UY209_CR0,0,140,209_AL_.jpg"
Leningrad Cowboys Go America,1989,https://www.imdb.com/title/tt0097728/,"https://m.media-amazon.com/images/M/MV5BNWUyYWNhMDktNWYzMC00NTdmLWE5MTgtN2E5YTE0ZmYxM2NjXkEyXkFqcGdeQXVyOTg0ODEzODI@._V1_UY209_CR5,0,140,209_AL_.jpg"
Rock Around the Clock,1956,https://www.imdb.com/title/tt0049682/,"https://m.media-amazon.com/images/M/MV5BOTNhZDUwYjUtMzAwZi00MTkyLThkNzQtNWZjYzZlMWEyOTMzXkEyXkFqcGdeQXVyMTgzOTAxMzA@._V1_UX140_CR0,0,140,209_AL_.jpg"
Rush: Beyond the Lighted Stage,2010,https://www.imdb.com/title/tt1545103/,"https://m.media-amazon.com/images/M/MV5BMTgzNTk2Mzg0MF5BMl5BanBnXkFtZTcwNjI0MTg0Mw@@._V1_UY209_CR2,0,140,209_AL_.jpg"
Little Richard,2000,https://www.imdb.com/title/tt0228528/,"https://m.media-amazon.com/images/M/MV5BODM1NDY2NTQ3MF5BMl5BanBnXkFtZTcwODU2MjcxMQ@@._V1_UY209_CR2,0,140,209_AL_.jpg"
Shindig!,1964,https://www.imdb.com/title/tt0149523/,"https://m.media-amazon.com/images/M/MV5BNjc3MWZlMjMtYTI1MS00YTcwLWJlZWItOTZmYWM2YjkwODRjXkEyXkFqcGdeQXVyNDY0NjEwNTE@._V1_UX140_CR0,0,140,209_AL_.jpg"
The Kids Are Alright,1979,https://www.imdb.com/title/tt0079400/,"https://m.media-amazon.com/images/M/MV5BMGJjZDdiOTItNzI3MC00MGU4LTgzNDktMTI3ZGZmNDIxYjZmXkEyXkFqcGdeQXVyMjI4MjA5MzA@._V1_UX140_CR0,0,140,209_AL_.jpg"
Wild Zero,1999,https://www.imdb.com/title/tt0267116/,"https://m.media-amazon.com/images/M/MV5BOTQ2NzZkODgtMGRhZS00MTVlLWI1ODItYmYwYzg0MTIxZWJkXkEyXkFqcGdeQXVyMTQ3Njg3MQ@@._V1_UY209_CR2,0,140,209_AL_.jpg"
American Hot Wax,1978,https://www.imdb.com/title/tt0077158/,"https://m.media-amazon.com/images/M/MV5BNGVmZDk0NTEtNzZlZS00MDFlLTllNTItNDg5MDMwYzQ3YTFlXkEyXkFqcGdeQXVyNzc5MjA3OA@@._V1_UX140_CR0,0,140,209_AL_.jpg"
"Pidä huivista kiinni, Tatjana",1994,https://www.imdb.com/title/tt0110832/,"https://m.media-amazon.com/images/M/MV5BNTNjMmY1YjMtMWVkYS00MmI2LTgzZTQtZWI0ZGJiYTIyZTk0XkEyXkFqcGdeQXVyMjI0MjMwMzQ@._V1_UY209_CR3,0,140,209_AL_.jpg"
Elvis: The Comeback Special,1968,https://www.imdb.com/title/tt0285063/,"https://m.media-amazon.com/images/M/MV5BMTcwMTY0NDg2MV5BMl5BanBnXkFtZTcwODA2ODUyMQ@@._V1_UY209_CR7,0,140,209_AL_.jpg"
Cotton Candy,1978,https://www.imdb.com/title/tt0077374/,"https://m.media-amazon.com/images/M/MV5BNTA0YWE2MzItZGIzOC00NTAyLTlhMDYtYzczOTI2ZDhlMmE3L2ltYWdlL2ltYWdlXkEyXkFqcGdeQXVyMjUyNDk2ODc@._V1_UY209_CR3,0,140,209_AL_.jpg"
Cocksucker Blues,1972,https://www.imdb.com/title/tt0068389/,"https://m.media-amazon.com/images/M/MV5BZWUwNmZkMjgtYjI5Yy00NzYwLWJjODMtZjgxODE1ZWIzY2U2XkEyXkFqcGdeQXVyMDY4MzkyNw@@._V1_UY209_CR3,0,140,209_AL_.jpg"
Hard Core Logo,1996,https://www.imdb.com/title/tt0116488/,"https://m.media-amazon.com/images/M/MV5BMmFiNDFmNjktZTllNS00Yjc1LTgxNDQtNjY3ODk1NzM3ZDY3L2ltYWdlXkEyXkFqcGdeQXVyNzM0MDQ1Mw@@._V1_UX140_CR0,0,140,209_AL_.jpg"
Ziggy Stardust and the Spiders from Mars,1979,https://www.imdb.com/title/tt0086643/,"https://m.media-amazon.com/images/M/MV5BMTM2MTE0NTkxN15BMl5BanBnXkFtZTcwNjg5NzYyMQ@@._V1_UY209_CR6,0,140,209_AL_.jpg"
The Rolling Stones Rock and Roll Circus,1996,https://www.imdb.com/title/tt0122689/,"https://m.media-amazon.com/images/M/MV5BNjc0Njg4MzU1Nl5BMl5BanBnXkFtZTcwMjgyMTcyMQ@@._V1_UY209_CR8,0,140,209_AL_.jpg"
The Beat Beneath My Feet,2014,https://www.imdb.com/title/tt3064356/,"https://m.media-amazon.com/images/M/MV5BMjQzMDg3NTg3N15BMl5BanBnXkFtZTgwNDY4NjAxMDI@._V1_UY209_CR0,0,140,209_AL_.jpg"
Orpheus,2005,https://www.imdb.com/title/tt0486638/,https://m.media-amazon.com/images/G/01/imdb/images/nopicture/140x209/film-4001654135._CB466678728_.png
Flame,1975,https://www.imdb.com/title/tt0072993/,"https://m.media-amazon.com/images/M/MV5BMTczOTAxNjc2Ml5BMl5BanBnXkFtZTcwMjM1NzcxMQ@@._V1_UX140_CR0,0,140,209_AL_.jpg"
AC/DC: Let There Be Rock,1980,https://www.imdb.com/title/tt0080321/,"https://m.media-amazon.com/images/M/MV5BZjhjNTg5MGItYjk5OC00ZmYxLTk2OGEtMzRhODZjMmU1ZmY5XkEyXkFqcGdeQXVyMjQzMzQzODY@._V1_UX140_CR0,0,140,209_AL_.jpg"
Amazing Journey: The Story of The Who,2007,https://www.imdb.com/title/tt0462441/,"https://m.media-amazon.com/images/M/MV5BMTY0ODIzODI1MF5BMl5BanBnXkFtZTcwMDg3OTQ1MQ@@._V1_UY209_CR5,0,140,209_AL_.jpg"
End of the Century,2003,https://www.imdb.com/title/tt0368711/,"https://m.media-amazon.com/images/M/MV5BMTIwMzAwNTc0OF5BMl5BanBnXkFtZTcwMjUxMjgyMQ@@._V1_UY209_CR4,0,140,209_AL_.jpg"
Dečko koji obećava,1981,https://www.imdb.com/title/tt0180633/,"https://m.media-amazon.com/images/M/MV5BN2RkNDM0MWItNWUwNy00OTliLWE2ZTItOGUxMTk2NTg1ZGY1XkEyXkFqcGdeQXVyMzIwMTIwODc@._V1_UX140_CR0,0,140,209_AL_.jpg"
Don't Think I've Forgotten: Cambodia's Lost Rock & Roll,2014,https://www.imdb.com/title/tt2634200/,"https://m.media-amazon.com/images/M/MV5BMTQ0MDgwMTE5MV5BMl5BanBnXkFtZTgwMDIzNDEwMzE@._V1_UY209_CR0,0,140,209_AL_.jpg"
Zombie ja Kummitusjuna,1991,https://www.imdb.com/title/tt0103337/,"https://m.media-amazon.com/images/M/MV5BYmY0MmZlOTYtOGE2Zi00MjFiLThmMmMtMmY4NGU5ZTQwZTg1XkEyXkFqcGdeQXVyMjI0MjMwMzQ@._V1_UY209_CR3,0,140,209_AL_.jpg"
Alice Cooper: Welcome to My Nightmare,1975,https://www.imdb.com/title/tt0075419/,"https://m.media-amazon.com/images/M/MV5BZTkwYzQ1NjktZDdiNi00MzMyLTg2NTMtMjRhZjYwYjBhMjMwXkEyXkFqcGdeQXVyMTEwODg2MDY@._V1_UY209_CR1,0,140,209_AL_.jpg"
Led Zeppelin DVD,2003,https://www.imdb.com/title/tt0366707/,"https://m.media-amazon.com/images/M/MV5BMTg4MTQzOTMyOF5BMl5BanBnXkFtZTcwODUwNDUxMQ@@._V1_UY209_CR7,0,140,209_AL_.jpg"
Edgeplay,2004,https://www.imdb.com/title/tt0216731/,"https://m.media-amazon.com/images/M/MV5BMTIzMjA2MzI3Ml5BMl5BanBnXkFtZTYwMjI4MTg3._V1_UY209_CR4,0,140,209_AL_.jpg"
We Sold Our Souls for Rock 'n Roll,2001,https://www.imdb.com/title/tt0281365/,https://m.media-amazon.com/images/G/01/imdb/images/nopicture/140x209/film-4001654135._CB466678728_.png
Beyond the Grave,2010,https://www.imdb.com/title/tt1075642/,"https://m.media-amazon.com/images/M/MV5BMjEyNTYwMTQzNl5BMl5BanBnXkFtZTcwODQ0MzIyOA@@._V1_UY209_CR4,0,140,209_AL_.jpg"
The Doors: Live at the Bowl '68,2012,https://www.imdb.com/title/tt2620886/,"https://m.media-amazon.com/images/M/MV5BODMyODE1MDEtYjQ2Ni00NzhlLTk2ZDQtNWMxZDQyN2IxYjg5XkEyXkFqcGdeQXVyNTM3MDMyMDQ@._V1_UY209_CR8,0,140,209_AL_.jpg"
Stadium Anthems,2018,https://www.imdb.com/title/tt5918734/,"https://m.media-amazon.com/images/M/MV5BZDVhYjRmNzctMTc0Yi00ODUzLWExZTUtNjVmZjUwN2QzNjhjXkEyXkFqcGdeQXVyNTY5NDYzMDA@._V1_UY209_CR8,0,140,209_AL_.jpg"
Ganes,2007,https://www.imdb.com/title/tt0909388/,"https://m.media-amazon.com/images/M/MV5BZmYwMjc2OGItOGY3NC00YjIwLWJiZGEtNGQ5MzU5ODNjMmFmXkEyXkFqcGdeQXVyMjI0MjMwMzQ@._V1_UY209_CR3,0,140,209_AL_.jpg"
Rock N' Roll Racing,1993,https://www.imdb.com/title/tt1336607/,"https://m.media-amazon.com/images/M/MV5BZjA2NmJmNTctYTBlMi00NDJmLTk0NTktNTllYzY4OGM4MDA1XkEyXkFqcGdeQXVyNjgzMzM4MDg@._V1_UY209_CR7,0,140,209_AL_.jpg"
The Clash: Westway to the World,2000,https://www.imdb.com/title/tt0321711/,"https://m.media-amazon.com/images/M/MV5BMTY3NjcyOTEwOF5BMl5BanBnXkFtZTcwMjQ5NzkyMQ@@._V1_UY209_CR2,0,140,209_AL_.jpg"
Killer Barbys vs. Dracula,2002,https://www.imdb.com/title/tt0327001/,"https://m.media-amazon.com/images/M/MV5BMTQwODU0NzA1NF5BMl5BanBnXkFtZTcwMzUwNDAwMQ@@._V1_UY209_CR5,0,140,209_AL_.jpg"
Guitar Hero III: Legends of Rock,2007,https://www.imdb.com/title/tt1168638/,"https://m.media-amazon.com/images/M/MV5BZDQ1MDZkOWEtZGY2Yi00OTViLThiNjMtYTI4NDVlYWI5ZjNjXkEyXkFqcGdeQXVyMzM4MjM0Nzg@._V1_UY209_CR4,0,140,209_AL_.jpg"
Szuperbojz,2009,https://www.imdb.com/title/tt1353125/,"https://m.media-amazon.com/images/M/MV5BNjM1MzMxYWQtZTg4MS00NTk5LWJiNDYtZjQ4MTU4YmNiZTQ1XkEyXkFqcGdeQXVyMTU1NTI2MA@@._V1_UY209_CR1,0,140,209_AL_.jpg"
Derailroaded,2005,https://www.imdb.com/title/tt0441000/,"https://m.media-amazon.com/images/M/MV5BMTk1Mjc2MjcyN15BMl5BanBnXkFtZTcwOTkyNTgyMQ@@._V1_UY209_CR2,0,140,209_AL_.jpg"
Pop Rocks,2004,https://www.imdb.com/title/tt0411765/,https://m.media-amazon.com/images/G/01/imdb/images/nopicture/140x209/film-4001654135._CB466678728_.png
Naked Under Leather,2004,https://www.imdb.com/title/tt0404267/,"https://m.media-amazon.com/images/M/MV5BNjc3MmMxZDEtZmE1Yy00NzExLTk4MWQtYzQ4YmYzNGFiMGFmXkEyXkFqcGdeQXVyODAxNTIwMTA@._V1_UY209_CR11,0,140,209_AL_.jpg"
Saimaa-ilmiö,1981,https://www.imdb.com/title/tt0083022/,"https://m.media-amazon.com/images/M/MV5BOWI0YTNiYTUtOWViOC00YjkzLWExZDMtN2ZkY2FlODFjNTJmXkEyXkFqcGdeQXVyMDI2NDg0NQ@@._V1_UY209_CR3,0,140,209_AL_.jpg"
Nirvana: Live at the Paramount,2011,https://www.imdb.com/title/tt2083271/,"https://m.media-amazon.com/images/M/MV5BMjA4Mjg2MDkwOV5BMl5BanBnXkFtZTgwMTI1MjM2MzE@._V1_UX140_CR0,0,140,209_AL_.jpg"
No Nukes,1980,https://www.imdb.com/title/tt0081242/,"https://m.media-amazon.com/images/M/MV5BYjhkN2RkMDctYmViYi00Y2VjLTk1N2QtMDg0MDVkYTEyY2YwXkEyXkFqcGdeQXVyMjI4MjA5MzA@._V1_UX140_CR0,0,140,209_AL_.jpg"
Down on Us,1984,https://www.imdb.com/title/tt0087171/,"https://m.media-amazon.com/images/M/MV5BOTViZTA3N2EtOGRlMS00Zjc3LTg1NTQtZjcwMDg1N2IyODc5XkEyXkFqcGdeQXVyNTk5MDY3MjI@._V1_UX140_CR0,0,140,209_AL_.jpg"
Irgendwie und sowieso,1986,https://www.imdb.com/title/tt0090458/,"https://m.media-amazon.com/images/M/MV5BNDA4MzA3NTgyNF5BMl5BanBnXkFtZTcwNjY3NDE2MQ@@._V1_UY209_CR43,0,140,209_AL_.jpg"
Rock & Roll,1995,https://www.imdb.com/title/tt0291656/,"https://m.media-amazon.com/images/M/MV5BZTA0OGQ4MmEtMjFkNC00NmYyLWJmOTctZjg0YTNmMjZlYzQ2XkEyXkFqcGdeQXVyMzE1MDY4NDc@._V1_UY209_CR72,0,140,209_AL_.jpg"
Badding,2000,https://www.imdb.com/title/tt0193741/,"https://m.media-amazon.com/images/M/MV5BMDMxOGFkMWYtOTFmNi00YWQ0LTlmMmUtYTFiODZlYTdmM2M1XkEyXkFqcGdeQXVyNjExODE1MDc@._V1_UX140_CR0,0,140,209_AL_.jpg"
Love Records - anna mulle Lovee,2016,https://www.imdb.com/title/tt4431326/,"https://m.media-amazon.com/images/M/MV5BZjgxZjIzMjctMDFlYy00MzdiLWJmNTMtMmE0NDY2YTlmNzZhXkEyXkFqcGdeQXVyMTIxMzMzMzE@._V1_UY209_CR3,0,140,209_AL_.jpg"
The Ritchie Blackmore Story,2015,https://www.imdb.com/title/tt4934296/,"https://m.media-amazon.com/images/M/MV5BNTc2MTEzYmMtZWZhOS00OTUzLTgwMjctOTA4YjkwYWI2MGVjXkEyXkFqcGdeQXVyNDUwNzc3MTg@._V1_UY209_CR4,0,140,209_AL_.jpg"
I theia apo to Chicago,1957,https://www.imdb.com/title/tt0135673/,"https://m.media-amazon.com/images/M/MV5BODBjNTE2NzAtNjllMC00OWQ1LThmODktYWRhZTg3OWNiNjM3XkEyXkFqcGdeQXVyNDE5MTU2MDE@._V1_UY209_CR2,0,140,209_AL_.jpg"
Puttin' on the Hits,1984,https://www.imdb.com/title/tt0346377/,"https://m.media-amazon.com/images/M/MV5BZjY1MzM2NTEtMTI0MC00MjJkLWE0MTItNTNiNjlhMDEyNDUwXkEyXkFqcGdeQXVyNjg3Mjk2NDM@._V1_UY209_CR34,0,140,209_AL_.jpg"
Terminal City Ricochet,1990,https://www.imdb.com/title/tt0100763/,"https://m.media-amazon.com/images/M/MV5BODdlMDc5MDgtMDMyMC00NTJiLTg1YWQtNjdhOGExMzE5ZWY0XkEyXkFqcGdeQXVyNDUxNjc5NjY@._V1_UY209_CR3,0,140,209_AL_.jpg"
Kopaszkutya,1981,https://www.imdb.com/title/tt0082627/,"https://m.media-amazon.com/images/M/MV5BMTQ1ZDZjZTMtOTY5Yy00NTMxLTgwYjEtZmIyOTM5ZjA5YjQ5XkEyXkFqcGdeQXVyMjgxMTkzOQ@@._V1_UY209_CR4,0,140,209_AL_.jpg"
Rockpalast,1974,https://www.imdb.com/title/tt0479780/,"https://m.media-amazon.com/images/M/MV5BZjM3ODcyY2ItNmI0Zi00YWU4LThiODEtMTU3NmRlZDVmOGFjXkEyXkFqcGdeQXVyNDY0NjEwNTE@._V1_UY209_CR3,0,140,209_AL_.jpg"
Listening to You: The Who at the Isle of Wight 1970,1998,https://www.imdb.com/title/tt0116891/,"https://m.media-amazon.com/images/M/MV5BNDA5OTg1MDEzNl5BMl5BanBnXkFtZTcwMjU4NTYyMQ@@._V1_UY209_CR1,0,140,209_AL_.jpg"
The London Rock and Roll Show,1973,https://www.imdb.com/title/tt0217627/,"https://m.media-amazon.com/images/M/MV5BMTc2Mzg2MTA5MF5BMl5BanBnXkFtZTcwNTI2MzczMQ@@._V1_UY209_CR4,0,140,209_AL_.jpg"
Joan Jett & the Blackhearts: I Love Rock 'n' Roll,1982,https://www.imdb.com/title/tt6973600/,"https://m.media-amazon.com/images/M/MV5BOGViOWIxZWQtZTA3My00ZGI5LTk4ZGUtYmEwM2RkZjRjMDcwXkEyXkFqcGdeQXVyNzA1OTk3Mw@@._V1_UY209_CR34,0,140,209_AL_.jpg"
Message to Love: The Isle of Wight Festival,1996,https://www.imdb.com/title/tt0117028/,"https://m.media-amazon.com/images/M/MV5BMTI2MTEzNDk3NF5BMl5BanBnXkFtZTcwNDUxMzQyMQ@@._V1_UX140_CR0,0,140,209_AL_.jpg"
The Rocker: Thin Lizzy's Phil Lynott,1996,https://www.imdb.com/title/tt0970189/,"https://m.media-amazon.com/images/M/MV5BNTUyNzA5NDIzMl5BMl5BanBnXkFtZTcwMDI4MTcwMg@@._V1_UY209_CR4,0,140,209_AL_.jpg"
Souvenirs souvenirs,1984,https://www.imdb.com/title/tt0088156/,"https://m.media-amazon.com/images/M/MV5BMjE0NTNkYWQtZDE3Zi00ZmJkLWFjOTgtNGVkNmU5MmUzNTAwXkEyXkFqcGdeQXVyMzU0NzkwMDg@._V1_UY209_CR8,0,140,209_AL_.jpg"
Monsterimies,2014,https://www.imdb.com/title/tt2712878/,"https://m.media-amazon.com/images/M/MV5BMTc1NzQ3OTA1NF5BMl5BanBnXkFtZTgwNDQ1MDU0NzE@._V1_UX140_CR0,0,140,209_AL_.jpg"
Girls Rock!,2007,https://www.imdb.com/title/tt1028539/,"https://m.media-amazon.com/images/M/MV5BMWQ5NGY3NDEtODVkOS00YzYzLTlhMmUtNzFiMGQzMTIzZTFlXkEyXkFqcGdeQXVyMTY5Nzc4MDY@._V1_UY209_CR1,0,140,209_AL_.jpg"
Cease to Exist,2007,https://www.imdb.com/title/tt1337593/,"https://m.media-amazon.com/images/M/MV5BZmU3NmMzNWQtMzk2NC00MmEyLTkwM2MtMjkwNTUzZGFmMGQwXkEyXkFqcGdeQXVyMzgwNTgwMzE@._V1_UY209_CR3,0,140,209_AL_.jpg"
Sun City: Artists United Against Apartheid,1985,https://www.imdb.com/title/tt0286176/,"https://m.media-amazon.com/images/M/MV5BMTU3ZThlYzEtNDY1OS00MTYyLTgzNjAtZTkxOGU1NWY3ZGMzL2ltYWdlXkEyXkFqcGdeQXVyNTc2Nzk3ODI@._V1_UY209_CR116,0,140,209_AL_.jpg"
Blood Brothers: Bruce Springsteen and the E Street Band,2000,https://www.imdb.com/title/tt0283946/,"https://m.media-amazon.com/images/M/MV5BMTMxMTQwOTY2Nl5BMl5BanBnXkFtZTcwOTc0ODAwMQ@@._V1_UY209_CR2,0,140,209_AL_.jpg"
Meat Loaf: In Search of Paradise,2007,https://www.imdb.com/title/tt1034080/,"https://m.media-amazon.com/images/M/MV5BNzA0NTc5MzIxMV5BMl5BanBnXkFtZTcwNjc5OTE2MQ@@._V1_UY209_CR6,0,140,209_AL_.jpg"
The Real McCoy,1999,https://www.imdb.com/title/tt0189041/,"https://m.media-amazon.com/images/M/MV5BNjM1NzQ4NjAtYmYxNC00MGQwLTk4NWEtNmFkNGUzMDQ1YWE3XkEyXkFqcGdeQXVyMzQyNjEyMDk@._V1_UY209_CR72,0,140,209_AL_.jpg"
Play It Loud: The Story of Marshall,2014,https://www.imdb.com/title/tt4242768/,"https://m.media-amazon.com/images/M/MV5BNjdhMTc2ODYtNmRmMC00YzBhLTk4OWUtMjgyY2Q1MDM1NTBlL2ltYWdlXkEyXkFqcGdeQXVyNTM0MTIyMjQ@._V1_UY209_CR5,0,140,209_AL_.jpg"
The Beatles: Destination Hamburg,2007,https://www.imdb.com/title/tt1178538/,"https://m.media-amazon.com/images/M/MV5BZDNmMGVkZDQtNzM5ZC00NDZhLTljM2YtOWM1NWZlY2ZmMDAwXkEyXkFqcGdeQXVyNzQ5MzY0NjM@._V1_UY209_CR3,0,140,209_AL_.jpg"
Eput,2016,https://www.imdb.com/title/tt5735188/,"https://m.media-amazon.com/images/M/MV5BOGEzOTVmYTItYTc1ZC00NDJkLWEwYzgtNTdkYzc4YmY3NzE5XkEyXkFqcGdeQXVyMTIxMzMzMzE@._V1_UY209_CR3,0,140,209_AL_.jpg"
Rock'n Roll Never Dies,2006,https://www.imdb.com/title/tt0889651/,"https://m.media-amazon.com/images/M/MV5BMTM1MzcyOTg4Nl5BMl5BanBnXkFtZTcwMzg2MDg5MQ@@._V1_UY209_CR3,0,140,209_AL_.jpg"
Cock'd Gunns,2007,https://www.imdb.com/title/tt1152802/,"https://m.media-amazon.com/images/M/MV5BMjE2ODQ2MDkwMF5BMl5BanBnXkFtZTcwNTcxODMwNA@@._V1_UY209_CR4,0,140,209_AL_.jpg"
Rockschool,1985,https://www.imdb.com/title/tt0242229/,"https://m.media-amazon.com/images/M/MV5BNWRkZmE2ZmEtNTdhZi00YmJjLWE4NTEtYmZmYzllMDliZjk5XkEyXkFqcGdeQXVyMzAwOTU1MTk@._V1_UY209_CR14,0,140,209_AL_.jpg"
Popcorn,1969,https://www.imdb.com/title/tt0064826/,"https://m.media-amazon.com/images/M/MV5BOGM4YjJlYmQtOTA3OC00MWY3LTkxNjYtYjRkYjhiYjU3MjQ3XkEyXkFqcGdeQXVyMTQwMzQ1MA@@._V1_UX140_CR0,0,140,209_AL_.jpg"
100 Greatest Women of Rock & Roll,1999,https://www.imdb.com/title/tt0366126/,https://m.media-amazon.com/images/G/01/imdb/images/nopicture/140x209/film-4001654135._CB466678728_.png
Paul McCartney: Live at the Cavern Club,1999,https://www.imdb.com/title/tt0261158/,"https://m.media-amazon.com/images/M/MV5BMTc1ODQxMjg3M15BMl5BanBnXkFtZTcwNjg5OTkyMQ@@._V1_UY209_CR4,0,140,209_AL_.jpg"
Nathan Davis Still Lives,2011,https://www.imdb.com/title/tt1693779/,https://m.media-amazon.com/images/G/01/imdb/images/nopicture/140x209/film-4001654135._CB466678728_.png
Rocked with Gina Gershon,2004,https://www.imdb.com/title/tt0407444/,"https://m.media-amazon.com/images/M/MV5BMTk3OTk3ODM1Ml5BMl5BanBnXkFtZTcwMDMwMDYyMQ@@._V1_UY209_CR4,0,140,209_AL_.jpg"
We Fun,2009,https://www.imdb.com/title/tt1327952/,"https://m.media-amazon.com/images/M/MV5BOWIyODY0ZmYtNzA2NC00NjE0LWFkN2UtNTk5OTk1MGZkYzJjXkEyXkFqcGdeQXVyNTM3MDMyMDQ@._V1_UY209_CR3,0,140,209_AL_.jpg"
Rokkidiggari,1981,https://www.imdb.com/title/tt0142809/,"https://m.media-amazon.com/images/M/MV5BNDAyZWRkNmEtZWJjNi00YTJiLTlhNWUtODVmZjg4NmEyYTI5XkEyXkFqcGdeQXVyMjUwMzU2Mjc@._V1_UY209_CR2,0,140,209_AL_.jpg"
Primal Fear: 16.6 Live Around the World,2010,https://www.imdb.com/title/tt6335964/,"https://m.media-amazon.com/images/M/MV5BMDVmZDU1ZWItOThlNS00ZDY4LTkyNmQtZmU3Njc3ZDY0ZmFkXkEyXkFqcGdeQXVyNzQ5MzY0NjM@._V1_UY209_CR8,0,140,209_AL_.jpg"
Kuumat kundit,1976,https://www.imdb.com/title/tt0141524/,"https://m.media-amazon.com/images/M/MV5BN2JiNTI5MDgtYjBhOC00ODQzLWE4ODktZGZhZmUxM2U0MzYzXkEyXkFqcGdeQXVyNDE2Mjk2MTU@._V1_UY209_CR0,0,140,209_AL_.jpg"
Your Name Here,2008,https://www.imdb.com/title/tt1337574/,"https://m.media-amazon.com/images/M/MV5BMTQwNTM5MTA4MV5BMl5BanBnXkFtZTcwNzA0NDI3Nw@@._V1_UY209_CR10,0,140,209_AL_.jpg"
Cool Cats: 25 Years of Rock 'n' Roll Style,1983,https://www.imdb.com/title/tt0133697/,"https://m.media-amazon.com/images/M/MV5BMDVmNDEwMjQtMTMxYy00NzA2LWE5YmEtMTRhZGY2ZjA3NjY1XkEyXkFqcGdeQXVyODEwMTE5MzI@._V1_UX140_CR0,0,140,209_AL_.jpg"
Riphouse 151: Could've Been's & Wanna Be's,2008,https://www.imdb.com/title/tt1339160/,"https://m.media-amazon.com/images/M/MV5BNTQ0Njk3MTcyNV5BMl5BanBnXkFtZTcwMjQ5MzAyMg@@._V1_UY209_CR0,0,140,209_AL_.jpg"
The Beatles Washington D.C. Concert,1964,https://www.imdb.com/title/tt12673332/,"https://m.media-amazon.com/images/M/MV5BZWRkNzJiMzQtYTA5OS00ZjA2LWJhNjItODJjZGVjMTU4ZmE5XkEyXkFqcGdeQXVyMTY1MTcxMzc@._V1_UY209_CR3,0,140,209_AL_.jpg"
Krokus: As Long as We Live,2004,https://www.imdb.com/title/tt0401561/,https://m.media-amazon.com/images/G/01/imdb/images/nopicture/140x209/film-4001654135._CB466678728_.png
Thin Lizzy 'Live and Dangerous' at the Rainbow '78,1978,https://www.imdb.com/title/tt2788438/,"https://m.media-amazon.com/images/M/MV5BMDUzZDZlNjgtM2VhYS00NDU5LTlmMzUtMmRjMjI5ZmU3MjcxXkEyXkFqcGdeQXVyNTM3MDMyMDQ@._V1_UY209_CR8,0,140,209_AL_.jpg"
Manic Street Preachers: Everything Live,1997,https://www.imdb.com/title/tt0289317/,"https://m.media-amazon.com/images/M/MV5BY2Y1NzcxNWUtN2I1YS00ZmNlLWEyOTAtMGY5MzY5NTRiZDNlXkEyXkFqcGdeQXVyODY0NzcxNw@@._V1_UX140_CR0,0,140,209_AL_.jpg"
One Night Only: The Beatles in Oz Live and Remastered,2020,https://www.imdb.com/title/tt12702852/,"https://m.media-amazon.com/images/M/MV5BNjExOGVkOTItZWFlNC00MWY0LWFhODgtNjVkOTY0Y2ZkNWI0XkEyXkFqcGdeQXVyMDYxMTUwNg@@._V1_UX140_CR0,0,140,209_AL_.jpg"
Nine Hundred Nights,2001,https://www.imdb.com/title/tt0308652/,"https://m.media-amazon.com/images/M/MV5BMTA5NTUzNjE1OTZeQTJeQWpwZ15BbWU3MDU4ODk0MjE@._V1_UY209_CR3,0,140,209_AL_.jpg"
The Oracle of Del-Fi,2008,https://www.imdb.com/title/tt1151920/,https://m.media-amazon.com/images/G/01/imdb/images/nopicture/140x209/film-4001654135._CB466678728_.png
The Who: Thirty Years of Maximum R&B,1994,https://www.imdb.com/title/tt0131064/,"https://m.media-amazon.com/images/M/MV5BOGM1NWQ1Y2EtMWNhNC00YzdiLWJlMGUtZDFkZTIzM2I3Y2U1XkEyXkFqcGdeQXVyNDY0NjEwNTE@._V1_UY209_CR4,0,140,209_AL_.jpg"
Thunderstruck: Making Thunderstruck,2004,https://www.imdb.com/title/tt6889616/,"https://m.media-amazon.com/images/M/MV5BMzk0NTEyZjgtMGM0Yy00ZGVlLTg3M2EtMzUwNGNkNWNkZjY1XkEyXkFqcGdeQXVyMTY1MTcxMzc@._V1_UY209_CR3,0,140,209_AL_.jpg"
The Hellacopters: Goodnight Cleveland,2002,https://www.imdb.com/title/tt0388997/,"https://m.media-amazon.com/images/M/MV5BMTc5MzEyNjc5Ml5BMl5BanBnXkFtZTcwNDMzNTc5MQ@@._V1_UY209_CR1,0,140,209_AL_.jpg"
Ruisrock - 40 vuotta rockia ja rakkautta,2011,https://www.imdb.com/title/tt1965055/,"https://m.media-amazon.com/images/M/MV5BMzNlYWIwZGUtYjQwNS00MDEzLWFjNmEtYTcwNjU5MjRhNzk2XkEyXkFqcGdeQXVyNDcwMzU5NDE@._V1_UY209_CR88,0,140,209_AL_.jpg"
Melrose: Rich Little Bitch,1987,https://www.imdb.com/title/tt0093860/,"https://m.media-amazon.com/images/M/MV5BOTk1YTU4MGMtZTkzMi00MDFhLTliN2MtNGNmZGM1MmQ2ZTk1XkEyXkFqcGdeQXVyNDcwMzU5NDE@._V1_UY209_CR156,0,140,209_AL_.jpg"
The Who Live in Texas '75,2012,https://www.imdb.com/title/tt2445920/,"https://m.media-amazon.com/images/M/MV5BZmM0NjQzM2EtYjI0Yi00NTJlLWEwNTItYWExY2M1MjI3NWQwXkEyXkFqcGdeQXVyNTM3MDMyMDQ@._V1_UY209_CR8,0,140,209_AL_.jpg"
Punx,2015,https://www.imdb.com/title/tt5215090/,"https://m.media-amazon.com/images/M/MV5BMjQwMzM5MTA2Ml5BMl5BanBnXkFtZTgwMjQ3MDQ2NzE@._V1_UY209_CR4,0,140,209_AL_.jpg"
A Video History of the American Radio Personality!,2013,https://www.imdb.com/title/tt6105082/,https://m.media-amazon.com/images/G/01/imdb/images/nopicture/140x209/film-4001654135._CB466678728_.png
Studio Party,1956,https://www.imdb.com/title/tt3435488/,https://m.media-amazon.com/images/G/01/imdb/images/nopicture/140x209/film-4001654135._CB466678728_.png
Why Should the Devil Have All the Good Music?,2004,https://www.imdb.com/title/tt1623725/,https://m.media-amazon.com/images/G/01/imdb/images/nopicture/140x209/film-4001654135._CB466678728_.png
Pat Benatar: Choice Cuts - The Complete Video Collection,2003,https://www.imdb.com/title/tt0385934/,"https://m.media-amazon.com/images/M/MV5BMTk2NjEzNzc4M15BMl5BanBnXkFtZTcwMzMzNTc5MQ@@._V1_UY209_CR3,0,140,209_AL_.jpg"
The Who: The Vegas Job,2006,https://www.imdb.com/title/tt0893387/,"https://m.media-amazon.com/images/M/MV5BMmI0Mjg0OWItYmRiMC00ODJiLWJhOGYtZWI1MTNhZGEwOTMwXkEyXkFqcGdeQXVyNTM3MDMyMDQ@._V1_UY209_CR8,0,140,209_AL_.jpg"
Frank Zappa: Phase II - The Big Note,2002,https://www.imdb.com/title/tt0375764/,https://m.media-amazon.com/images/G/01/imdb/images/nopicture/140x209/film-4001654135._CB466678728_.png
Introducing Morrissey,1996,https://www.imdb.com/title/tt0944210/,"https://m.media-amazon.com/images/M/MV5BNDYyNjYyNTczNl5BMl5BanBnXkFtZTgwMjMyNTU5MjE@._V1_UX140_CR0,0,140,209_AL_.jpg"
The Beach Boys: Live at Knebworth,1980,https://www.imdb.com/title/tt2981450/,"https://m.media-amazon.com/images/M/MV5BMjUyYjM5OTItNzViOS00MGE3LTlkZmEtNTQ4MTdjNGQ3Nzc3XkEyXkFqcGdeQXVyNTM3MDMyMDQ@._V1_UY209_CR8,0,140,209_AL_.jpg"
KISS vs. MCZ,2014,https://www.imdb.com/title/tt4285166/,"https://m.media-amazon.com/images/M/MV5BMjY5NzVmOGQtODBiMi00MDcwLTkwNjgtODdmODY0ODBhZTE0XkEyXkFqcGdeQXVyNTcxNDg3NzE@._V1_UY209_CR1,0,140,209_AL_.jpg"
Bigbít,1998,https://www.imdb.com/title/tt0166421/,"https://m.media-amazon.com/images/M/MV5BOTMyMWY1ODUtZTBlNy00OTUyLWIzMmEtODkyMzRmMDkyOTY0XkEyXkFqcGdeQXVyMjI3MDczMjI@._V1_UY209_CR65,0,140,209_AL_.jpg"
Tommy and Quadrophenia Live: The Who,2005,https://www.imdb.com/title/tt0763328/,"https://m.media-amazon.com/images/M/MV5BMDcxMTk4ODgtMTlkNi00MGZjLWEzZWQtZDc0YTMyZWJlNTI2XkEyXkFqcGdeQXVyNzM2MTg0NA@@._V1_UY209_CR33,0,140,209_AL_.jpg"
Album Flash,1984,https://www.imdb.com/title/tt0364776/,"https://m.media-amazon.com/images/M/MV5BYjc1OWRiMGEtMDFjNC00OGVjLTgxYTUtYmEzOGU1YmExZGM0XkEyXkFqcGdeQXVyMTg1ODg3MjA@._V1_UY209_CR68,0,140,209_AL_.jpg"
Testimony: 20 Years of Rock on MTV,2000,https://www.imdb.com/title/tt0365832/,https://m.media-amazon.com/images/G/01/imdb/images/nopicture/140x209/film-4001654135._CB466678728_.png
Rockumentário,2006,https://www.imdb.com/title/tt0814294/,"https://m.media-amazon.com/images/M/MV5BMjIyOTc3OTU3OV5BMl5BanBnXkFtZTcwMDYwMTMzMw@@._V1_UY209_CR4,0,140,209_AL_.jpg"
Forever Young: How Rock 'n' Roll Grew Up,2010,https://www.imdb.com/title/tt1858749/,"https://m.media-amazon.com/images/M/MV5BY2UyNmRmNDItY2JkNi00MTkxLThmNjktYTBmOWM0NzQyMGRhL2ltYWdlXkEyXkFqcGdeQXVyNTM0MTIyMjQ@._V1_UY209_CR5,0,140,209_AL_.jpg"
Six O'Clock Rock,1959,https://www.imdb.com/title/tt2701062/,https://m.media-amazon.com/images/G/01/imdb/images/nopicture/140x209/film-4001654135._CB466678728_.png
Rock 'n ' Roll Made in Mexico,2007,https://www.imdb.com/title/tt1109631/,"https://m.media-amazon.com/images/M/MV5BNjUzOTEyMDg5OV5BMl5BanBnXkFtZTcwMDU2MDU1MQ@@._V1_UY209_CR13,0,140,209_AL_.jpg"
Fab Four: The Beatles,1987,https://www.imdb.com/title/tt12654354/,"https://m.media-amazon.com/images/M/MV5BMGRkYmQzYWEtZGZiYi00MjgzLTgwYTUtN2RkNzA2MDQ0NGMzXkEyXkFqcGdeQXVyMTY1MTcxMzc@._V1_UY209_CR3,0,140,209_AL_.jpg"
It's Only Rock 'n' Roll: Rock 'n' Roll at the BBC,2015,https://www.imdb.com/title/tt4896864/,https://m.media-amazon.com/images/G/01/imdb/images/nopicture/140x209/film-4001654135._CB466678728_.png
The Beatles Downunder: The 1964 Australian and New Zealand Tour,1996,https://www.imdb.com/title/tt12656238/,"https://m.media-amazon.com/images/M/MV5BY2FmMDNiZjYtODJlYi00YWYyLTg1ODMtNTE3MDI5NDA5OGUwXkEyXkFqcGdeQXVyMTY1MTcxMzc@._V1_UX140_CR0,0,140,209_AL_.jpg"
The Nation's Favourite Elvis Song,2013,https://www.imdb.com/title/tt3597834/,"https://m.media-amazon.com/images/M/MV5BNTUwYWJmOWItZjgyZC00MjhlLTlhYTgtMGU4MDk2MzI2OGQyXkEyXkFqcGdeQXVyNTM3MDMyMDQ@._V1_UY209_CR8,0,140,209_AL_.jpg"
The Shield Around the K,2000,https://www.imdb.com/title/tt0286958/,"https://m.media-amazon.com/images/M/MV5BMTIyMzEyOTkyM15BMl5BanBnXkFtZTcwMzEyMDIzMQ@@._V1_UY209_CR4,0,140,209_AL_.jpg"
Deep Purple Rises Over Japan,1985,https://www.imdb.com/title/tt0255918/,"https://m.media-amazon.com/images/M/MV5BZTczYjc3MzMtZjc1Yy00N2Q3LTk4OGEtZTMyYjVlMzA1NDFjXkEyXkFqcGdeQXVyMTgwOTE5NDk@._V1_UY209_CR2,0,140,209_AL_.jpg"
Whatever Happened to Rock 'n' Roll?,2015,https://www.imdb.com/title/tt4900222/,https://m.media-amazon.com/images/G/01/imdb/images/nopicture/140x209/film-4001654135._CB466678728_.png
Bandit,2001,https://www.imdb.com/title/tt6483430/,https://m.media-amazon.com/images/G/01/imdb/images/nopicture/140x209/film-4001654135._CB466678728_.png
The Also Rans,2018,https://www.imdb.com/title/tt8810760/,"https://m.media-amazon.com/images/M/MV5BN2JiZmU5M2QtNjRiMS00OWY1LTk5NTQtM2M2ZGUyZGYwNDY5XkEyXkFqcGdeQXVyNzQ1MDk1ODE@._V1_UY209_CR4,0,140,209_AL_.jpg"
Once the Fiddler Paid,2005,https://www.imdb.com/title/tt1312138/,https://m.media-amazon.com/images/G/01/imdb/images/nopicture/140x209/film-4001654135._CB466678728_.png
Knucklebonehead,2012,https://www.imdb.com/title/tt2645006/,"https://m.media-amazon.com/images/M/MV5BMjE1Mzg2MTgwM15BMl5BanBnXkFtZTgwOTIxNTkzMTE@._V1_UY209_CR0,0,140,209_AL_.jpg"
Sgt. Fitch,2009,https://www.imdb.com/title/tt1401144/,https://m.media-amazon.com/images/G/01/imdb/images/nopicture/140x209/film-4001654135._CB466678728_.png
A Warehouse on Tchoupitoulas,2013,https://www.imdb.com/title/tt2998596/,"https://m.media-amazon.com/images/M/MV5BMjIwOTY0ODUxMF5BMl5BanBnXkFtZTgwOTAzMzY0MDE@._V1_UY209_CR0,0,140,209_AL_.jpg"
Momz Hot Rocks,2009,https://www.imdb.com/title/tt1329406/,https://m.media-amazon.com/images/G/01/imdb/images/nopicture/140x209/film-4001654135._CB466678728_.png
Rock Suomi,2010,https://www.imdb.com/title/tt1738634/,"https://m.media-amazon.com/images/M/MV5BNTQ0N2ZjMTItYTkxOS00ZDRkLWE4MTUtZjI5ZTI0ZTQxMTkxXkEyXkFqcGdeQXVyNDcwMzU5NDE@._V1_UY209_CR126,0,140,209_AL_.jpg"
Juice & Grand Slam: Nivalasta poikki,1984,https://www.imdb.com/title/tt0926203/,https://m.media-amazon.com/images/G/01/imdb/images/nopicture/140x209/film-4001654135._CB466678728_.png
Rock for Kampuchea,1983,https://www.imdb.com/title/tt0162254/,"https://m.media-amazon.com/images/M/MV5BZmEwZjUyMWYtMzJlNi00NTM3LWE2M2UtMTBlNjIzMDBhZTA4XkEyXkFqcGdeQXVyMDY3NjA0Ng@@._V1_UY209_CR116,0,140,209_AL_.jpg"
Dale Crawford: Musician/Detective,2007,https://www.imdb.com/title/tt0992910/,"https://m.media-amazon.com/images/M/MV5BNTk3OTc4OTM4Ml5BMl5BanBnXkFtZTgwMDYyMTI3MzE@._V1_UY209_CR2,0,140,209_AL_.jpg"
A Film About Scarlet Grey,2009,https://www.imdb.com/title/tt1401166/,https://m.media-amazon.com/images/G/01/imdb/images/nopicture/140x209/film-4001654135._CB466678728_.png
Richard Marx Live,1987,https://www.imdb.com/title/tt5349844/,https://m.media-amazon.com/images/G/01/imdb/images/nopicture/140x209/film-4001654135._CB466678728_.png
Estradilla: Agents & Elvis,2003,https://www.imdb.com/title/tt0442983/,https://m.media-amazon.com/images/G/01/imdb/images/nopicture/140x209/film-4001654135._CB466678728_.png
Rockabilly Rockers,1989,https://www.imdb.com/title/tt12651260/,"https://m.media-amazon.com/images/M/MV5BMmYyZjBkMGUtNWI1YS00NjMzLTgxNjktMDdiYTdlOTFiNTRmXkEyXkFqcGdeQXVyMTY1MTcxMzc@._V1_UX140_CR0,0,140,209_AL_.jpg"
Do ostatniej kropli krwi,2014,https://www.imdb.com/title/tt4265214/,"https://m.media-amazon.com/images/M/MV5BZDc5NjUwNTQtMzM2OC00MGEwLWJhMWUtOTFiNWZjZDViZDdjXkEyXkFqcGdeQXVyNzE4OTA1Nw@@._V1_UY209_CR8,0,140,209_AL_.jpg"
Mi vida entre las hormigas,2017,https://www.imdb.com/title/tt7107756/,"https://m.media-amazon.com/images/M/MV5BZjNhMzgyNDUtNzRhNy00ZWVhLThhYzMtOTI1Zjk5MWE2ZjQyXkEyXkFqcGdeQXVyMzM0MzIwNjQ@._V1_UY209_CR4,0,140,209_AL_.jpg"
British Rock Symphony,1999,https://www.imdb.com/title/tt0225222/,"https://m.media-amazon.com/images/M/MV5BMjE0NTcxNDM5NF5BMl5BanBnXkFtZTYwNDQ5NzA5._V1_UX140_CR0,0,140,209_AL_.jpg"
Rock n' Roll Weddings,1997,https://www.imdb.com/title/tt0365694/,https://m.media-amazon.com/images/G/01/imdb/images/nopicture/140x209/film-4001654135._CB466678728_.png
Mojo Bones,2006,https://www.imdb.com/title/tt12817562/,"https://m.media-amazon.com/images/M/MV5BMGNlZTFjYzctYTY3YS00MGU5LTg3M2QtYzRkZTk5ZmM2MjY5XkEyXkFqcGdeQXVyMTY1MTcxMzc@._V1_UX140_CR0,0,140,209_AL_.jpg"
A Rare Collection of... Beatles Firsts,1995,https://www.imdb.com/title/tt12672382/,"https://m.media-amazon.com/images/M/MV5BMWNkOWNiNjQtNDE4Yy00ODFmLWE1YTYtMjgxZTg5NGY5MGYyXkEyXkFqcGdeQXVyMTY1MTcxMzc@._V1_UY209_CR2,0,140,209_AL_.jpg"
Eppu Normaali - Ratina,2016,https://www.imdb.com/title/tt6285224/,"https://m.media-amazon.com/images/M/MV5BZGFhY2FhOWYtYjY2MS00OTMyLTkyZmUtYzNjYzVjNTRjNWUyL2ltYWdlL2ltYWdlXkEyXkFqcGdeQXVyNjM4MTEyNg@@._V1_UY209_CR34,0,140,209_AL_.jpg"
Midsummer Rock,1970,https://www.imdb.com/title/tt0271062/,https://m.media-amazon.com/images/G/01/imdb/images/nopicture/140x209/film-4001654135._CB466678728_.png
A Guest to the Road,2005,https://www.imdb.com/title/tt0452627/,https://m.media-amazon.com/images/G/01/imdb/images/nopicture/140x209/film-4001654135._CB466678728_.png
Itsenäisyys ja rock,1986,https://www.imdb.com/title/tt2332673/,https://m.media-amazon.com/images/G/01/imdb/images/nopicture/140x209/film-4001654135._CB466678728_.png
Yhden tähden hotelli,2007,https://www.imdb.com/title/tt0978844/,"https://m.media-amazon.com/images/M/MV5BNjRjYTFmZDUtYTk3Mi00OGRiLWJkYmMtYTgzN2Q4NzU1MzNjL2ltYWdlL2ltYWdlXkEyXkFqcGdeQXVyNTA0Mzk2NTQ@._V1_UY209_CR4,0,140,209_AL_.jpg"
Pat Benatar: Best Shots - The Videos,2002,https://www.imdb.com/title/tt0365618/,https://m.media-amazon.com/images/G/01/imdb/images/nopicture/140x209/film-4001654135._CB466678728_.png
Eric Clapton: The 1970s Review,2014,https://www.imdb.com/title/tt3614126/,https://m.media-amazon.com/images/G/01/imdb/images/nopicture/140x209/film-4001654135._CB466678728_.png
20 Years of Rock & Roll,1975,https://www.imdb.com/title/tt0361276/,https://m.media-amazon.com/images/G/01/imdb/images/nopicture/140x209/film-4001654135._CB466678728_.png
Lähikuvassa: Juice Leskinen,1983,https://www.imdb.com/title/tt1686074/,https://m.media-amazon.com/images/G/01/imdb/images/nopicture/140x209/film-4001654135._CB466678728_.png
Vuth Learns to Rock,2008,https://www.imdb.com/title/tt1408338/,https://m.media-amazon.com/images/G/01/imdb/images/nopicture/140x209/film-4001654135._CB466678728_.png
Inky Fingers: The NME Story,2005,https://www.imdb.com/title/tt0477014/,https://m.media-amazon.com/images/G/01/imdb/images/nopicture/140x209/film-4001654135._CB466678728_.png
"Starfire: The Magic, the Music",2008,https://www.imdb.com/title/tt1631451/,"https://m.media-amazon.com/images/M/MV5BMTQ5NTU0MjA4M15BMl5BanBnXkFtZTcwNzQ3NTUzMw@@._V1_UY209_CR4,0,140,209_AL_.jpg"
Remu & Hurriganes - Last Call,2019,https://www.imdb.com/title/tt10279882/,"https://m.media-amazon.com/images/M/MV5BMWYwOGMyNDgtZjNjNy00ZjMzLWIwOWMtYmI1MGYyMWQ2NGMyXkEyXkFqcGdeQXVyNDcwMzU5NDE@._V1_UY209_CR55,0,140,209_AL_.jpg"
The 2nd Annual Women Rock! Girls and Guitars,2001,https://www.imdb.com/title/tt0363398/,https://m.media-amazon.com/images/G/01/imdb/images/nopicture/140x209/film-4001654135._CB466678728_.png
The Rockin' Dead: Enter Popacalypse,2016,https://www.imdb.com/title/tt5131450/,https://m.media-amazon.com/images/G/01/imdb/images/nopicture/140x209/film-4001654135._CB466678728_.png
Justin Moore Feat. Vince Neil: Home Sweet Home,2014,https://www.imdb.com/title/tt6898452/,https://m.media-amazon.com/images/G/01/imdb/images/nopicture/140x209/film-4001654135._CB466678728_.png
Absolute Treasure,2014,https://www.imdb.com/title/tt4764954/,https://m.media-amazon.com/images/G/01/imdb/images/nopicture/140x209/film-4001654135._CB466678728_.png
Jezebel's Spring Rolls,2018,https://www.imdb.com/title/tt7889098/,"https://m.media-amazon.com/images/M/MV5BYmNiMjYwMzgtYjIzNS00YmJkLTk3NTMtMjhhOGRiMWQyZDFjXkEyXkFqcGdeQXVyNjM1MTM4Mw@@._V1_UX140_CR0,0,140,209_AL_.jpg"
Sirppi ja kitara,1988,https://www.imdb.com/title/tt0096112/,"https://m.media-amazon.com/images/M/MV5BYzU4MWYyYmYtNzRkZi00OGVkLWFmZjAtMWU5OGMwOWY1NTZhXkEyXkFqcGdeQXVyMjUwMzU2Mjc@._V1_UY209_CR3,0,140,209_AL_.jpg"
The Studio,2014,https://www.imdb.com/title/tt5859182/,https://m.media-amazon.com/images/G/01/imdb/images/nopicture/140x209/film-4001654135._CB466678728_.png
Rock 'N' Roll Goldmine: The Sixties,1986,https://www.imdb.com/title/tt0158156/,"https://m.media-amazon.com/images/M/MV5BMTYwODk0NTg4Ml5BMl5BanBnXkFtZTYwNzEyODc5._V1_UX140_CR0,0,140,209_AL_.jpg"
Rolling Stones: Voodoo Lounge,1995,https://www.imdb.com/title/tt1288599/,"https://m.media-amazon.com/images/M/MV5BNDY5ZmMwZmMtYTllMS00Nzg4LTliODYtMjAyZGZiYzcwNGFkXkEyXkFqcGdeQXVyNjg3ODE4ODY@._V1_UY209_CR17,0,140,209_AL_.jpg"
Hammer House of Mystery and Suspense,1984,https://www.imdb.com/title/tt0147770/,"https://m.media-amazon.com/images/M/MV5BMmQ4ZDBmMGYtZWI3NS00MTdkLTk1ZmMtNDlhMTM1MDU3ZDYyXkEyXkFqcGdeQXVyMjc0ODQ0NzM@._V1_UY209_CR66,0,140,209_AL_.jpg"
Гилморове,2000,https://www.imdb.com/title/tt0238784/,"https://m.media-amazon.com/images/M/MV5BNDk5NjI2NzMzMl5BMl5BanBnXkFtZTgwMjkyOTM0MjE@._V1_UY209_CR69,0,140,209_AL_.jpg"
Квантни скок,1989,https://www.imdb.com/title/tt0096684/,"https://m.media-amazon.com/images/M/MV5BMzA4MGEzZTMtNGQ3Ny00YjdiLWI2MTgtMzA4YmJlMDY5OGFkXkEyXkFqcGdeQXVyMDgyNjA5MA@@._V1_UY209_CR64,0,140,209_AL_.jpg"
Rockpalast,1974,https://www.imdb.com/title/tt0479780/,"https://m.media-amazon.com/images/M/MV5BOWM2ZDAyOWUtYWQ0Ni00OTYyLWEwMjktZDJmNjdmNDZlYTdjXkEyXkFqcGdeQXVyMTQ0MzMwNQ@@._V1_UY209_CR1,0,140,209_AL_.jpg"
Ten Days That Unexpectedly Changed America,2006,https://www.imdb.com/title/tt0953255/,"https://m.media-amazon.com/images/M/MV5BMjA2NDE3NDk1Nl5BMl5BanBnXkFtZTcwNjQ2NDMzMQ@@._V1_UY209_CR4,0,140,209_AL_.jpg"
